spot,zone,category,stay_minutes,joy,moods,note
Medici,West Campus,coffee,60,10,cozy|creative|foodie|lazy|party|productive,vanilla latte
Mozart's,Lake Austin,coffee,60,8,cozy|creative|lazy,lake view
Black Fox,Downtown,coffee,30,7,foodie|productive,
Two Hands,Campus,coffee,30,7,cozy|foodie|lazy,
Life Science Library,Campus,study,90,8,cozy|productive,the prettiest study spot
PCL,Campus,study,120,5,productive,lock-in mode
Texas Union,Campus,study,60,5,productive,
Hillside Farmacy,East Austin,brunch,90,8,cozy|foodie,
Josephine House,Clarksville,brunch,90,8,cozy|foodie|lazy,
Café No Sé,South Congress,brunch,90,7,creative|foodie|lazy|party,
Snooze,North Loop,brunch,90,8,cozy|foodie|lazy,"pancake flight: pineapple upside-down, cinnamon, banana bliss"
Sweetgreen,Campus,lunch,30,6,foodie|lazy|productive,custom guacamole greens bowl
Veracruz,East Austin,lunch,30,7,creative|foodie,
The Little Bisque,North Loop,creative,120,9,cozy|creative,pottery painting
Rosa Pottery Studio,East Austin,creative,120,9,cozy|creative,
Mosaic Workshop,East Austin,creative,120,9,creative,
7th Street Candle,East Austin,creative,90,7,cozy|creative,make your own candle
South Congress,South Congress,shopping,90,8,creative|foodie|party,Kendra Scott and Tecovas
The Domain,Domain,shopping,120,7,creative,
Barton Creek Mall,Barton Creek,shopping,90,6,creative,
Prana Wellness Club,Clarksville,exercise,60,8,cozy|productive,Pilates: the best reset
CorePower Yoga,West Campus,exercise,60,8,cozy|productive,yoga
[solidcore],South Congress,exercise,60,7,creative|productive,Pilates
Numero 28,Downtown,dinner,90,10,cozy|creative|foodie|lazy|party,good memories
Yamas,Downtown,dinner,90,9,creative|foodie|party,Mediterranean
Aba,South Congress,dinner,90,8,creative|foodie|party,Mediterranean
Éma,Downtown,dinner,90,8,foodie,Mediterranean
Clay Pit,Downtown,dinner,90,9,cozy|foodie|productive,North Indian
Tarka,West Campus,dinner,60,7,foodie|productive,North Indian
Saffron,Domain,dinner,90,8,foodie,North Indian
El Alma,Zilker,dinner,90,8,creative|foodie|lazy|party,Mexican
Arriba Abajo,East Austin,dinner,90,7,foodie,Mexican
Roya,Downtown,dinner,90,8,cozy|foodie|lazy,Persian
Pizza Press,West Campus,late night,30,6,foodie|lazy|party|productive,the late-night guilty pleasure
Barton Springs Pool,Zilker,outdoors,120,9,cozy|lazy,"the coldest, prettiest swim"
Rainey Street,Downtown,night out,120,8,party,bungalow bars
East Sixth,East Austin,night out,120,7,party,bar hopping
